job_id,employer_name,job_employment_type,job_title,job_apply_link,job_description,job_posted_at_datetime_utc,job_offer_expiration_datetime_utc,job_city,job_state,job_country,job_required_skills,job_required_experience,job_required_education,job_highlights,job_max_salary
4t_nnCuFTnYAAAAAAAAAAA==,Extend Information Systems Inc.,FULLTIME,"Python Developer Irving, TX Full-time",https://www.linkedin.com/jobs/view/python-developer-irving-tx-full-time-at-extend-information-systems-inc-3477104640,"Hi Jobseeker ,

I hope you are doing well!

We have an opportunity for Python Developer with one of our clients for Irving, TX (Day 1 onsite)

Please see the job details below and let me know if you would be interested in this role.

If interested, please send me a copy of your resume, contact details, availability, and a good time to connect with you.

Title Python Developer

Location: Irving, TX (Day 1 onsite)

Terms: Fulltime

Job Details

Technical/Functional Skills
• Advanced Python knowledge with minimum 4-5 years relevant experience.
• Knowledge on REST API using python Flask, integration with Mongodb.
• Basic knowledge on unix commands.

Priyanka tiwari

Extend Information System Inc

Phone: (703) 956-1120

Email: priyanka1@extendinfosys.com

44258 Mercure Circle, UNIT 102 A, Sterling VA, USA 20166",2023-02-10T18:53:03.000Z,2023-08-09T18:53:04.000Z,Irving,TX,US,,"{'no_experience_required': False, 'required_experience_in_months': 48, 'experience_mentioned': True, 'experience_preferred': False}","{'postgraduate_degree': False, 'professional_certification': False, 'high_school': False, 'associates_degree': False, 'bachelors_degree': True, 'degree_mentioned': False, 'degree_preferred': False, 'professional_certification_mentioned': False}","{'Qualifications': ['Advanced Python knowledge with minimum 4-5 years relevant experience', 'Knowledge on REST API using python Flask, integration with Mongodb', 'Basic knowledge on unix commands']}",
W-1cjEibS8QAAAAAAAAAAA==,Fintech,FULLTIME,Python Developer,https://www.learn4good.com/jobs/san-antonio/texas/info_technology/2289733781/e/,"Role:

Python Developer

Location:

Irving, TX (Day One onsite)
Type:
Full Time

Required Skills:

6+ years professional experience
Experience building and managing microservice architecture-based application using Python (Python3 preferred)

Experience with python packages like Num Py, pandas, flask, PYSpark, PYMongo, OS, logging, re, PYYaml

Experience with swagger io module to expose API Experience in any of:
Open Shift, Kubernetes, NGINX, or Docker a plus.
Strong RDBMS and Unix understanding with SQL and BASH shell scripting knowledge",2023-04-27T00:00:00.000Z,2023-10-26T00:00:00.000Z,San Antonio,TX,US,,"{'no_experience_required': False, 'required_experience_in_months': 72, 'experience_mentioned': True, 'experience_preferred': True}","{'postgraduate_degree': False, 'professional_certification': False, 'high_school': False, 'associates_degree': False, 'bachelors_degree': False, 'degree_mentioned': False, 'degree_preferred': False, 'professional_certification_mentioned': False}","{'Qualifications': ['6+ years professional experience', 'Experience with python packages like Num Py, pandas, flask, PYSpark, PYMongo, OS, logging, re, PYYaml', 'Experience with swagger io module to expose API Experience in any of:', 'Strong RDBMS and Unix understanding with SQL and BASH shell scripting knowledge']}",
onSsehUTmmkAAAAAAAAAAA==,AppLab Systems Inc,FULLTIME,Python Developer,https://www.learn4good.com/jobs/irving/texas/software_development/2300824520/e/,"Hi Team

We have an urgent position for Python Developer at Banking (Irving, TX).

Salary: 130k

DAY 1 onsite

FULL TIME

Below is the detailed JD.

Required Skills /

Experience:

Overall 8+ years of experience

Good communication skills

3
-5 years of hands on experience in building an enterprise scale highly componentized application using 2 - 5 Years of Experience in Python (strong )

Experience with design and implementations of cloud-ready applications and deployment pipelines on large-scale container platform clusters is a plus

Experience working in a Continuous Integration and Continuous Delivery environment and familiar with Jenkins, Team City, Code Quality Tools - Sonar Qube, etc.

Proficient in industry standard best practices such as Design Patters, Coding Standards, Coding modularity, Prototypes etc.

Experienced in RDBMS and SQL/PLSQL (Strong)

Unit testing frameworks - JUnit, Mockito, Py Test

Experience in debugging, tuning and optimizing UI components

Understanding of the SDLC lifecycle for Agile & Waterfall methodologies

Excellent written and oral communication skills

Experience developing application in Financial Services industry is preferred

ETL - Spy Spark/Talend/informatica etc - (good)

Key Responsibilities:

Analyzes system requirements, including identifying program interactions and appropriate interfaces between impacted components and sub systems

Makes recommendations towards the development of new code or to reuse of existing code

Participates in software system testing and validation procedures, programming and documentation

Provides technical advice and assists in solving programming problems

Ensures proper analysis of problems and programming approaches to prevent rework and schedule slippage

Performs other duties and responsibilities as assigned

Work on bug resolution and application improvements, such as performance and maintainability

Participate actively in discussions, presentations and decisions about front-end & server side development and application design

Participates in Sprint Planning, Tasking and Estimation of the assigned work

Responsible for the development of re-usable services, user interfaces, unit testing, and code reviews

May occasionally work a non-standard shift including nights and/or weekends and/or have on-call responsibilities

Thanks & Regards

Aryan Kashyap

Office:

4365 Route 1 South, Suite 105

Princeton, NJ 08540",2023-05-02T00:00:00.000Z,2023-11-01T00:00:00.000Z,Irving,TX,US,,"{'no_experience_required': False, 'required_experience_in_months': 96, 'experience_mentioned': True, 'experience_preferred': True}","{'postgraduate_degree': False, 'professional_certification': False, 'high_school': False, 'associates_degree': False, 'bachelors_degree': False, 'degree_mentioned': False, 'degree_preferred': False, 'professional_certification_mentioned': False}","{'Qualifications': ['Overall 8+ years of experience', 'Good communication skills', '5 years of hands on experience in building an enterprise scale highly componentized application using 2 - 5 Years of Experience in Python (strong )', 'Experience working in a Continuous Integration and Continuous Delivery environment and familiar with Jenkins, Team City, Code Quality Tools - Sonar Qube, etc', 'Proficient in industry standard best practices such as Design Patters, Coding Standards, Coding modularity, Prototypes etc', 'Experienced in RDBMS and SQL/PLSQL (Strong)', 'Unit testing frameworks - JUnit, Mockito, Py Test', 'Excellent written and oral communication skills'], 'Responsibilities': ['Experience in debugging, tuning and optimizing UI components', 'Analyzes system requirements, including identifying program interactions and appropriate interfaces between impacted components and sub systems', 'Makes recommendations towards the development of new code or to reuse of existing code', 'Participates in software system testing and validation procedures, programming and documentation', 'Provides technical advice and assists in solving programming problems', 'Ensures proper analysis of problems and programming approaches to prevent rework and schedule slippage', 'Performs other duties and responsibilities as assigned', 'Work on bug resolution and application improvements, such as performance and maintainability', 'Participate actively in discussions, presentations and decisions about front-end & server side development and application design', 'Participates in Sprint Planning, Tasking and Estimation of the assigned work', 'Responsible for the development of re-usable services, user interfaces, unit testing, and code reviews', 'May occasionally work a non-standard shift including nights and/or weekends and/or have on-call responsibilities']}",
E2na-modiFYAAAAAAAAAAA==,Samsung Austin Semiconductor,FULLTIME,Optimization Engineer - Python Developer - 71736,https://www.linkedin.com/jobs/view/optimization-engineer-python-developer-71736-at-samsung-austin-semiconductor-3585532982,"Samsung Austin Semiconductor is one of the most advanced semiconductor manufacturing facilities in the world and an integral part of Central Texas for more than 26 years, driving job generation, economic impact and engagement with the surrounding community.

Samsung Austin Semiconductor serves a global customer base with broad semiconductor process technology offerings that impact everyday life including mobile, graphic, consumer, networking/high performance computing, Internet of Things, RF and automotive. Through successful collaborations with foundry customers and a continuous drive to develop the most cutting-edge technologies, Samsung Austin Semiconductor has become a major player in the foundry market. Samsung Austin Semiconductor's technology portfolio ranges from 65nm to 28nm using planar transistor technology to the more advanced 14nm 3D FinFet technology.

With more than 3,300 employees, 2.45 million square feet of floor space, and more than 600+ acres in land holdings, Samsung Austin Semiconductor's economic impact in 2021 generated $6.3 billion into Austin's economy through salaries and other expenditures. Plus, that same year, its parent company, Samsung Electronics Co., Ltd announced a $17 billion investment to boost semiconductor production capacity at a new site in Taylor, Texas. This is in addition to the $18 billion invested in Samsung Austin Semiconductor's Austin, Texas campus, since 1996 -- making it one of the largest direct foreign investments in United States history.

Samsung Austin Semiconductor is a premier and growing employer who provides a great place to work, is committed to environmental stewardship and being a good corporate citizen. Our employees are the key to our success and we invest in our people with competitive compensation & benefit packages, career development opportunities and programs that enhance physical, emotional and intellectual well-being. Our employees work at various locations throughout Central Texas including the main plant on East Parmer Lane in northeast Austin, a satellite office near Pflugerville and the construction site in Taylor, Texas. Learn more at www.samsung.com/us/sas.

Job Summary/Overview:

This Engineering role will use extensive knowledge of all proprietary Samsung production systems as well as Manufacturing knowledge to improve factory bottlenecks as well as perform general troubleshooting tasks and testing related to these systems.

As a Manufacturing Systems Engineer, you will work closely with manufacturing, systems and engineering personnel to find inefficiencies, test/monitor/troubleshoot system change points, and make enhancement requests for our systems.

Once front or back end of the week shift is assigned, mandatory shift rotations will occur every 6 months (day/night shifts).

Candidate could be transferred to Samsung semiconductor manufacturing facility in Taylor, Texas as needed (Taylor location is ~30min away from Austin facility).

Specific Job Duties:

Key attributes include general engineering and team leadership, excellent problem solving, coordination of tasks, teamwork, and expert data collection and analysis.

Perform line analysis and be able to pinpoint bottleneck areas and take actions to help improve line movement and line balance.

Coordinate with manufacturing and engineering groups to make wafer per day (WPD) improvements using available scheduling systems as well as analyze actual improvements seen.

Work with customers on system enhancement requests and create well-defined documentation.

Collaborate with systems engineering members on systems-related issues and follow-up on issues from other shifts to resolution.

Organize testing and verification of new system changes with system engineers, unit parts and project integration members.

Shift:

Shift 7a-7p or 7p-7a

Education, Training, Certification(s) And Minimum Years Of Experience Required

B.S. in Industrial Engineering, Software Engineering, Computer Science, Electrical Engineering, Mechanical Engineering and other related Engineering Major will be considered

Semiconductor Experience Preferred.

Knowledge, Skills, Abilities, Software, and Tools

Knowledge of Line Metrics – Overall Equipment Effectiveness (OEE), Utilization, Equipment Efficiency, Cycle Times, Days per masking layer (DPML), Idle Time, Stoploss.

Experience with Fab automation and reporting systems.

Good communication skills with internal and external customers.

Excellent organizational skills, ability to assess situations and set priorities.

Strong problem solving ability.

Strong critical thinking skills; recognize third and fourth order effects of a catalyst event.",2023-04-02T10:45:30.000Z,2023-05-27T10:45:30.000Z,Austin,TX,US,,"{'no_experience_required': False, 'required_experience_in_months': None, 'experience_mentioned': True, 'experience_preferred': True}","{'postgraduate_degree': False, 'professional_certification': False, 'high_school': False, 'associates_degree': False, 'bachelors_degree': True, 'degree_mentioned': True, 'degree_preferred': True, 'professional_certification_mentioned': True}","{'Qualifications': ['Education, Training, Certification(s) And Minimum Years Of Experience Required', 'B.S. in Industrial Engineering, Software Engineering, Computer Science, Electrical Engineering, Mechanical Engineering and other related Engineering Major will be considered', 'Knowledge, Skills, Abilities, Software, and Tools', 'Knowledge of Line Metrics – Overall Equipment Effectiveness (OEE), Utilization, Equipment Efficiency, Cycle Times, Days per masking layer (DPML), Idle Time, Stoploss', 'Experience with Fab automation and reporting systems', 'Good communication skills with internal and external customers', 'Excellent organizational skills, ability to assess situations and set priorities', 'Strong problem solving ability', 'Strong critical thinking skills; recognize third and fourth order effects of a catalyst event'], 'Responsibilities': ['This Engineering role will use extensive knowledge of all proprietary Samsung production systems as well as Manufacturing knowledge to improve factory bottlenecks as well as perform general troubleshooting tasks and testing related to these systems', 'As a Manufacturing Systems Engineer, you will work closely with manufacturing, systems and engineering personnel to find inefficiencies, test/monitor/troubleshoot system change points, and make enhancement requests for our systems', 'Key attributes include general engineering and team leadership, excellent problem solving, coordination of tasks, teamwork, and expert data collection and analysis', 'Perform line analysis and be able to pinpoint bottleneck areas and take actions to help improve line movement and line balance', 'Coordinate with manufacturing and engineering groups to make wafer per day (WPD) improvements using available scheduling systems as well as analyze actual improvements seen', 'Work with customers on system enhancement requests and create well-defined documentation', 'Collaborate with systems engineering members on systems-related issues and follow-up on issues from other shifts to resolution', 'Organize testing and verification of new system changes with system engineers, unit parts and project integration members']}",
PnHMXaa6jVoAAAAAAAAAAA==,Mergen IT,CONTRACTOR,Python Developer,https://www.optnation.com/python-developer-job-in-irving-texas-view-jobid-26815,"Roles and Responsibilities: Programming well-designed, testable and efficient code. Develop software verification plans for quality assurance procedures. Work with the software engineering team to project deliverables or timelines. Investigate problem areas. Develop flowcharts, layouts, and documentation to spot requirements and solutions. Comply with projects plan and industry standards. Receive instructions and guidance from the mentor regarding the required tasks and expected results. Reports on progress on a daily basis or as required.",2023-02-27T00:00:00.000Z,,Irving,TX,US,"['Python web framework', 'Django', 'Flask', 'JavaScript', 'HTML5', 'and CSS3']","{'no_experience_required': False, 'required_experience_in_months': None, 'experience_mentioned': False, 'experience_preferred': False}","{'postgraduate_degree': False, 'professional_certification': False, 'high_school': False, 'associates_degree': False, 'bachelors_degree': False, 'degree_mentioned': False, 'degree_preferred': False, 'professional_certification_mentioned': False}","{'Responsibilities': ['Roles and Responsibilities: Programming well-designed, testable and efficient code', 'Develop software verification plans for quality assurance procedures', 'Work with the software engineering team to project deliverables or timelines', 'Investigate problem areas', 'Develop flowcharts, layouts, and documentation to spot requirements and solutions', 'Comply with projects plan and industry standards', 'Receive instructions and guidance from the mentor regarding the required tasks and expected results', 'Reports on progress on a daily basis or as required']}",75000.0
gKGyZz-qz_IAAAAAAAAAAA==,Fintech Inc,FULLTIME,Python Engineer,https://www.learn4good.com/jobs/houston/texas/info_technology/2301088507/e/,"Role:

Python Developer

Location:

Irving, TX (Day one onsite)
Type:
Fulltime

Required Skills:

6+ years professional experience
Experience building and managing microservice architecture-based application using Python (Python3 preferred)

Experience with python packages like Num Py, pandas, flask, PYSpark, PYMongo, OS, logging, re, PYYaml

Experience with swagger io module to expose API Experience in any of:
Open Shift, Kubernetes, NGINX, or Docker a plus.
Strong RDBMS and Unix understanding with SQL and BASH shell scripting knowledge
SDL
2017",2023-05-02T00:00:00.000Z,2023-11-01T00:00:00.000Z,Houston,TX,US,,"{'no_experience_required': False, 'required_experience_in_months': 72, 'experience_mentioned': True, 'experience_preferred': True}","{'postgraduate_degree': False, 'professional_certification': False, 'high_school': False, 'associates_degree': False, 'bachelors_degree': False, 'degree_mentioned': False, 'degree_preferred': False, 'professional_certification_mentioned': False}","{'Qualifications': ['6+ years professional experience', 'Experience with python packages like Num Py, pandas, flask, PYSpark, PYMongo, OS, logging, re, PYYaml', 'Experience with swagger io module to expose API Experience in any of:', 'Strong RDBMS and Unix understanding with SQL and BASH shell scripting knowledge']}",
YIPQL7r3lyIAAAAAAAAAAA==,Maven,FULLTIME,"Python Developer - Houston, TX - Fulltime/Contract Opportunity - Onsite",https://it.jobserve.com/job-in-Houston-Texas-USA/PYTHON-DEVELOPER-HOUSTON-TX-FULLTIME-CONTRACT-OPPORTUNITY-ONSITE-c2ceac475628898ee5/,"Title: Python Developer Duration: Fulltime/Contract Opportunity Location: Houston, TX (Onsite) Job Details: 10 Years + of overall software development experience; Python Knowledge and experience in Python, Django, Angular JS, Oracle highly desirable. Knowledge of version and revision control practices and procedures Working experience with database environment - understanding relational database structure and hands-on SQL knowledge to extract/manipulate data.

At least 1+ years of experience in an Investment Bank (or similar) as a Developer Solid application design, development, and testing work experience. Strong sense of ownership, ability to work independently, and have strong communication skills. Abhi Goel Maven Companies, Inc.

Plaza of the Rockies, 121 South Tejon SuiteColorado Springs, CO 80903 408-907-2688 (Direct).

Web Reference : AJF/559679942-202
Posted Date : Fri, 28 Apr 2023

Please note, to apply for this position you will complete an application form on another website provided by or on behalf of Maven. Any external website and application process is not under the control or responsibility of IT JobServe",2023-04-28T14:05:00.000Z,2023-05-28T14:05:00.000Z,Houston,TX,US,,"{'no_experience_required': False, 'required_experience_in_months': 120, 'experience_mentioned': True, 'experience_preferred': False}","{'postgraduate_degree': False, 'professional_certification': False, 'high_school': False, 'associates_degree': False, 'bachelors_degree': False, 'degree_mentioned': False, 'degree_preferred': False, 'professional_certification_mentioned': False}","{'Qualifications': ['Knowledge of version and revision control practices and procedures Working experience with database environment - understanding relational database structure and hands-on SQL knowledge to extract/manipulate data', 'At least 1+ years of experience in an Investment Bank (or similar) as a Developer Solid application design, development, and testing work experience', 'Strong sense of ownership, ability to work independently, and have strong communication skills']}",
PNOzlN7c8RgAAAAAAAAAAA==,Diverse Lynx,CONTRACTOR,Python Developer,https://www.linkedin.com/jobs/view/python-developer-at-diverse-lynx-3595164539,"Job Description

""We prefer candidate who are ready to work on our W2”

Title : Python Developer

Location : Austin, TX

Type: Long term Contract

Job Description:-

Strong python developer with knowledge about Java and NLP as added advantage.

Diverse Lynx LLC is an Equal Employment Opportunity employer. All qualified applicants will receive due consideration for employment without any discrimination. All applicants will be evaluated solely on the basis of their ability, competence and their proven capability to perform the functions outlined in the corresponding role. We promote and support a diverse workforce across all levels in the company.",2023-04-07T09:25:00.000Z,2023-06-01T09:25:00.000Z,Mesquite,TX,US,,"{'no_experience_required': False, 'required_experience_in_months': None, 'experience_mentioned': False, 'experience_preferred': False}","{'postgraduate_degree': False, 'professional_certification': False, 'high_school': False, 'associates_degree': False, 'bachelors_degree': True, 'degree_mentioned': False, 'degree_preferred': False, 'professional_certification_mentioned': False}",{'Qualifications': ['Strong python developer with knowledge about Java and NLP as added advantage']},
Px48-af6jT0AAAAAAAAAAA==,Tech Tammina,CONTRACTOR,Python developer,https://www.learn4good.com/jobs/plano/texas/info_technology/2303990660/e/,"Role:

Sr Python developer with SQL exp

Location:

Columbus, OH/Plano, TX/Jersey City, NJ Duration: 6 month contract to hire Rate:
Market

Qualifications /

Requirements:

• Bachelor's Degree in a relative technical field or equivalent field experience.

• 5+ years of software engineering experience to include implementation of highly scalable systems, release management, software configuration, design, development and implementation is required (Python or Java ideally)

• Public/Private Cloud experience as it relates to Cybersecurity in a mission critical environment including:
o

Ability to analyzing complex data systems - failure analysis / root cause analysis
o Developing, improving and maintaining technical engineering documentation
o Roadmap development and ability to evangelize / champion benefits to internal consumers

• Deep understanding of cloud computing technologies and experience with workload migration to cloud

• Understanding of core concepts for Public/Private/Hybrid clouds (networking, policy placement, IAM, etc.)

• Experience designing visibility outputs intended to establish baselines and prove security posture against implemented controls

• Demonstrated expertise in Cybersecurity and Agile, creating competitive advantage through the application of leading-edge technologies and methodologies

• Knowledge of industry wide technology trends and best practices

• Ability to work in large, collaborative teams to achieve organizational goals, and passionate about building an innovative culture

• Preferred qualifications:

Experience with container technologies such as Docker, Kubernetes, Mesos, or Open Container Initiative (OCI); CI/CD experience utilizing tools such as Github, Terraform, Jenkins, etc.",2023-05-03T00:00:00.000Z,2023-11-02T00:00:00.000Z,Plano,TX,US,,"{'no_experience_required': False, 'required_experience_in_months': 60, 'experience_mentioned': True, 'experience_preferred': False}","{'postgraduate_degree': False, 'professional_certification': False, 'high_school': False, 'associates_degree': False, 'bachelors_degree': False, 'degree_mentioned': True, 'degree_preferred': True, 'professional_certification_mentioned': False}","{'Qualifications': [""Bachelor's Degree in a relative technical field or equivalent field experience"", '5+ years of software engineering experience to include implementation of highly scalable systems, release management, software configuration, design, development and implementation is required (Python or Java ideally)', 'Public/Private Cloud experience as it relates to Cybersecurity in a mission critical environment including:', 'Deep understanding of cloud computing technologies and experience with workload migration to cloud', 'Understanding of core concepts for Public/Private/Hybrid clouds (networking, policy placement, IAM, etc.)', 'Experience designing visibility outputs intended to establish baselines and prove security posture against implemented controls', 'Demonstrated expertise in Cybersecurity and Agile, creating competitive advantage through the application of leading-edge technologies and methodologies', 'Knowledge of industry wide technology trends and best practices', 'Ability to work in large, collaborative teams to achieve organizational goals, and passionate about building an innovative culture', 'Experience with container technologies such as Docker, Kubernetes, Mesos, or Open Container Initiative (OCI); CI/CD experience utilizing tools such as Github, Terraform, Jenkins, etc'], 'Responsibilities': ['Roadmap development and ability to evangelize / champion benefits to internal consumers']}",
aBXGwPOq3cUAAAAAAAAAAA==,eTeam,FULLTIME,Python Developer,https://www.learn4good.com/jobs/austin/texas/info_technology/2305309623/e/,"Job Description

You will be responsible for working on implementations of new architecture as well as operate and maintain currently offered solutions. Develop automation workflows to streamline the deployment of CX-Labs/LaaS virtualization infrastructure. Partner with internal tech leaders and external customers to develop and drive virtualization solutions for complex issues, while minimizing downtime and impact to our users.

Qualifications and Skills 4+ years of application development experience Experience in one or more of the following:
Python (required), Ruby (nice-to-have)

Experience working with REST APIs

Experience working with Postgre

SQL to manage large-scale databases Experience in using distributed version control systems like Git Experience supporting Continuous Integration (Jenkins) Experience developing and deploying IaC with Configuration Management solutions (Ansible) Nice to have:
Deep knowledge of virtualization solutions + experience with Client/vSphere Experience managing large scale virtualization buildouts Experience w/ Linux system and troubleshooting knowledge and expertise Effective and persuasive communication (written and verbal) and presentation skills, both internally and externally, to be able to discuss technical issues with relevant parties/customers of all levels of technical expertise.

Experience working within a large organization and providing support for global operations

Able to work across cultures and time zones

Able to provide solution-specific knowledge transfer, training, & documentation once properly equipped BS degree in Computer Science, System Administration, or related technical field recommended",2023-05-03T00:00:00.000Z,2023-11-02T00:00:00.000Z,Austin,TX,US,,"{'no_experience_required': False, 'required_experience_in_months': 48, 'experience_mentioned': True, 'experience_preferred': False}","{'postgraduate_degree': False, 'professional_certification': False, 'high_school': False, 'associates_degree': False, 'bachelors_degree': False, 'degree_mentioned': True, 'degree_preferred': True, 'professional_certification_mentioned': False}","{'Qualifications': ['Qualifications and Skills 4+ years of application development experience Experience in one or more of the following:', 'Python (required), Ruby (nice-to-have)', 'Experience working with REST APIs', 'Experience working with Postgre', 'SQL to manage large-scale databases Experience in using distributed version control systems like Git Experience supporting Continuous Integration (Jenkins) Experience developing and deploying IaC with Configuration Management solutions (Ansible) Nice to have:', 'Deep knowledge of virtualization solutions + experience with Client/vSphere Experience managing large scale virtualization buildouts Experience w/ Linux system and troubleshooting knowledge and expertise Effective and persuasive communication (written and verbal) and presentation skills, both internally and externally, to be able to discuss technical issues with relevant parties/customers of all levels of technical expertise', 'Experience working within a large organization and providing support for global operations', 'Able to work across cultures and time zones', 'Able to provide solution-specific knowledge transfer, training, & documentation once properly equipped BS degree in Computer Science, System Administration, or related technical field recommended'], 'Responsibilities': ['You will be responsible for working on implementations of new architecture as well as operate and maintain currently offered solutions', 'Develop automation workflows to streamline the deployment of CX-Labs/LaaS virtualization infrastructure', 'Partner with internal tech leaders and external customers to develop and drive virtualization solutions for complex issues, while minimizing downtime and impact to our users']}",
xTOJPH6wjEMAAAAAAAAAAA==,Genisys Technologies,FULLTIME,Software Developers,"https://www.glassdoor.com/job-listing/software-developers-genisys-technologies-JV_IC1162329_KO0,19_KE20,40.htm?jl=1008627420388","• Software Developers (Job Code SD) – responsible for the design, development, implementation, testing & support of applications software & major enhancements of existing systems.",2023-05-05T00:00:00.000Z,,Plymouth,MN,US,,"{'no_experience_required': False, 'required_experience_in_months': None, 'experience_mentioned': False, 'experience_preferred': False}","{'postgraduate_degree': False, 'professional_certification': False, 'high_school': False, 'associates_degree': False, 'bachelors_degree': False, 'degree_mentioned': False, 'degree_preferred': False, 'professional_certification_mentioned': False}",{},
pD7pI7Fz3jsAAAAAAAAAAA==,State of Louisiana,FULLTIME,IT STATEWIDE APPLICATIONS DEVELOPER 1/2/3/4 (AppDM DCFS 141729),https://www.governmentjobs.com/careers/louisiana/jobs/4028468/it-statewide-applications-developer-1-2-3-4-appdm-dcfs-141729,"The Division of Administration/Office of Technology Services has a vacancy. This position is located in the Applications and Data Management Section. Req. 175809

This vacancy will be filled by new hire or by promotion of a current permanent status classified employee.

Louisiana is a State as a Model Employer for People with Disabilities.

This vacancy participates in a career progression group and may be filled from this recruitment as a IT Statewide Applications Developer 1 (TS-310), IT Statewide Applications Developer 2 (TS-311), IT Statewide Applications Developer 3 (TS-312) or IT Statewide Applications Developer 4 (TS-313) depending on the level of experience of the selected applicant. The maximum salary for the IT Statewide Applications Developer 4 is $89,960. Please refer to the ""Job Specifications"" tab located at the top of the LA Careers ""Current Job Opportunities"" page of the Civil Service website for specific information on salary ranges, minimum qualifications and job concepts for each level.

Prior to a new hire, a background check including criminal record history will be conducted. Information from the background check will not necessarily preclude employment but will be considered in determining the applicant’s suitability and competence to perform in the position. A criminal history check may be conducted on employees changing positions including promotions, demotions, details, reassignments and transfers. Also, prospective employees may be subject to pre-employment drug testing. New hires will be subject to employment eligibility verification via the federal government's E-verify system.

No Civil Service test score is required in order to be considered for this vacancy.

To apply for this vacancy, click on the “Apply” link above and complete an electronic application which can be used for this vacancy as well as future job opportunities. Applicants are responsible for checking the status of their application to determine where they are in the recruitment process. Further status message information is located under the information section of the Current Job Opportunities page.

Resumes WILL NOT be accepted in lieu of completed education and experience sections on your application. Applications may be rejected if incomplete.

Applicants qualifying based on college training or receipt of a baccalaureate degree will be required to submit an official college transcript to verify credentials claimed prior to appointment. Please make every effort to attach a copy of your transcript to your application. The transcripts can be added as an attachment to your online application or faxed to (225) 219-1041. The selected candidate will be required to submit original documentation upon hire.

For further information about this posting, please contact:

Erica R. Gay
HR Specialist
Division of Administration/Office of Human Resources
email: Erica.Gay@la.gov

MINIMUM QUALIFICATIONS:

A baccalaureate degree.

SUBSTITUTIONS:

1. An associate’s degree in information technology will substitute for the baccalaureate degree.

2. Two years of experience or training in information technology will substitute for the baccalaureate degree.

Candidates without a baccalaureate degree may combine experience or training in information technology and college credit to substitute for the required baccalaureate degree as follows:

30 to 59 semester hours credit will substitute for six months of experience or training in information technology towards the baccalaureate degree.

60 to 89 semester hours credit will substitute for one year of experience or training in information technology towards the baccalaureate degree.

90 or more semester hours credit will substitute for one year and six months of experience or training in information technology towards the baccalaureate degree.

A maximum of 90 semester hours may be combined with experience or training in information technology to substitute for the baccalaureate degree.

3. Six years of full-time work experience in any field may be substituted for the required baccalaureate degree.

Candidates without a baccalaureate degree may combine work experience in any field and college credit to substitute for the baccalaureate degree as follows:

30 to 59 semester hours credit will substitute for one year of experience towards the baccalaureate degree.60 to 89 semester hours credit will substitute for two years of experience towards the baccalaureate degree.

90 to 119 semester hours credit will substitute for three years of experience towards the baccalaureate degree.

120 or more semester hours credit will substitute for four years of experience towards the baccalaureate degree.

A maximum of 120 semester hours may be combined with experience to substitute for the baccalaureate degree.

NOTE:

A certification in an approved area may be substituted for the education and/or experience requirements at the time of hire or promotion, provided the appointment is made from a Certificate of Eligibles.

NOTE:

Any college hours or degree must be from an accredited college or university.

FUNCTION OF WORK:

To assist in applications development activities for information technology databases and/or softwares.

LEVEL OF WORK:

Entry.

SUPERVISION RECEIVED:

Direct from a higher-level IT Statewide professional with assigned supervisory responsibilities. May also receive supervision on a project basis from other IT Statewide professionals. Other reporting relationships may be approved by SCS.

SUPERVISION EXERCISED:

None.

LOCATION OF WORK:

Division of Administration, Office of Technology Services.

JOB DISTINCTIONS:

Differs from other IT Statewide jobs by the presence of applications development activities as a primary responsibility.

Differs from IT Statewide Applications Developer 2 by the absence of independence in performing basic tasks in support of applications development activities.
This is a full-time, on-site position located in the Greater Baton Rouge area.

The Office of Technology Services aims to be a responsible partner in delivering innovative, effective and reliable solutions that support and enhance the IT functions within Executive Branch Departments. The Office of Technology Services will work to increase the return on the State's investment in technology by promoting smart decision-making, solving problems intelligently, increasing the rate of project success, and fostering a skilled and professional staff.

Responsibilities also include on-call support for assigned system(s).

Assist the lead administrator in managing applications systems such as SystemWare, WebSphere and Novell Access Manager (NAM) for the Department of Education (DOE) and Department of Children and Family Services (DCFS) online systems. Support administrator functions for Document Generation System (DGS) Adobe LiveCycle and JBOSS servers. Support upgrades of system components collaborating with infrastructure resources on the prioritization and sequence.

Perform installation, management, maintenance, debugging and trouble-shooting of assigned system applications and web servers. Perform system deployment tasks for assigned systems using Git, GitHub, and Bamboo. Collaborate with other technical resources in the server, network, database, security, and mainframe sections to resolve system issues and manage maintenance activities. Support application development, testing, training for all environments of assigned systems. Perform tasks to maintain data and training scenarios using NeoLoad. Collaborate with other resources on scheduled updates to the LITE and other assigned system training environment updates.

Review and provide feedback on deliverables, technical documents, project plans, issues and risks, change requests and defects. Participate in meetings to provide feedback on the status tasks and impact of upcoming system changes. Conduct audit log reviews of assigned systems and collaborate with developers and assist program staff on their audit log review tasks.

Perform all other tasks, special projects, analysis, studies, and plans as directed.",2023-05-03T22:00:00.000Z,2023-05-11T23:59:00.000Z,Baton Rouge,LA,US,,"{'no_experience_required': False, 'required_experience_in_months': 12, 'experience_mentioned': True, 'experience_preferred': False}","{'postgraduate_degree': False, 'professional_certification': False, 'high_school': False, 'associates_degree': False, 'bachelors_degree': False, 'degree_mentioned': True, 'degree_preferred': True, 'professional_certification_mentioned': True}","{'Qualifications': ['Candidates without a baccalaureate degree may combine experience or training in information technology and college credit to substitute for the required baccalaureate degree as follows:', '90 or more semester hours credit will substitute for one year and six months of experience or training in information technology towards the baccalaureate degree', 'A maximum of 90 semester hours may be combined with experience or training in information technology to substitute for the baccalaureate degree', 'Six years of full-time work experience in any field may be substituted for the required baccalaureate degree', '30 to 59 semester hours credit will substitute for one year of experience towards the baccalaureate degree.60 to 89 semester hours credit will substitute for two years of experience towards the baccalaureate degree', 'Any college hours or degree must be from an accredited college or university'], 'Responsibilities': ['To assist in applications development activities for information technology databases and/or softwares', 'Direct from a higher-level IT Statewide professional with assigned supervisory responsibilities', 'May also receive supervision on a project basis from other IT Statewide professionals', 'Responsibilities also include on-call support for assigned system(s)', 'Assist the lead administrator in managing applications systems such as SystemWare, WebSphere and Novell Access Manager (NAM) for the Department of Education (DOE) and Department of Children and Family Services (DCFS) online systems', 'Support administrator functions for Document Generation System (DGS) Adobe LiveCycle and JBOSS servers', 'Support upgrades of system components collaborating with infrastructure resources on the prioritization and sequence', 'Perform installation, management, maintenance, debugging and trouble-shooting of assigned system applications and web servers', 'Perform system deployment tasks for assigned systems using Git, GitHub, and Bamboo', 'Collaborate with other technical resources in the server, network, database, security, and mainframe sections to resolve system issues and manage maintenance activities', 'Support application development, testing, training for all environments of assigned systems', 'Perform tasks to maintain data and training scenarios using NeoLoad', 'Collaborate with other resources on scheduled updates to the LITE and other assigned system training environment updates', 'Review and provide feedback on deliverables, technical documents, project plans, issues and risks, change requests and defects', 'Participate in meetings to provide feedback on the status tasks and impact of upcoming system changes', 'Conduct audit log reviews of assigned systems and collaborate with developers and assist program staff on their audit log review tasks', 'Perform all other tasks, special projects, analysis, studies, and plans as directed']}",6120.0
5PRfhYMAh-4AAAAAAAAAAA==,Oak Ridge National Laboratory,FULLTIME,Full Stack Software Developer,https://jobs.ornl.gov/job/Oak-Ridge-Full-Stack-Software-Developer-TN-37830/977409900/,"Requisition Id 9795

Overview:

The Data Lifecycle and Scalable Workflows Group at Oak Ridge National Laboratory (ORNL) is seeking a Full Stack Software Developer to add to our team. In this position, you will provide products and services for scientific data management at leadership-class scale. The ideal candidate is a creative developer with a growth mindset. Prior experience with C/C++/Python, data applications, distributed systems, and microservices is preferred but not required. To be successful in this role, you must be team-oriented, understand computer science fundamentals, and demonstrate a drive for self-learning. Our team has a diverse skill set and are natural problem solvers who share a passion about supporting scientists and enabling new discoveries for humanity, while working on some of the most challenging problems with cutting-edge technologies.

This position is part of the Advanced Technologies Section within the National Center for Computational Sciences (NCCS) Division at ORNL. NCCS has a deep legacy in High Performance Computing (HPC) operating leadership-class systems, deploying the world’s first exascale system (Frontier) and largest parallel file system. Data is at the heart of science and workflows reduce a scientist’s cognitive overhead and increase science reproducibility - the Data Lifecycle and Scalable Workflows Group tackles these challenges for supercomputing facilities.

Major Duties and Responsibilities:
• Assist in development of software applications and science-based systems to manage big data
• Collaborate with other research and technical professionals to develop new capabilities that execute on ORNL’s leading data and compute infrastructures
• Support multiple technology projects at the same time
• Develop, test, and deploy services.
• Evaluate and test third-party software

Basic Qualifications:
• Bachelor’s degree in computer science or software engineering, with a minimum of 2 years work experience OR Master’s degree in computer science or software engineering, with a minimum of 1 year work experience.

Desired Qualifications:
• Proficiency with one or more of the following languages: C/C++, Go, or Python.
• Proficiency with any front-end languages (e.g., Javascript, AngularJS, React).
• Experience with containers (e.g., Docker) and container orchestration (e.g., Kubernetes).
• Experience with version control systems (e.g., Git).
• Experience with CI/CD practices, test methodologies
• Willingness to learn new programming languages and technologies
• Motivated self-starter with the ability to work independently and to participate creatively in a collaborative setting
• Strong problem-solving skills
• Ability to think critically
• Excellent written and oral communication skills

#LI-DC1

This position will remain open for a minimum of 5 days after which it will close when a qualified candidate is identified and/or hired.

We accept Word (.doc, .docx), Adobe (unsecured .pdf), Rich Text Format (.rtf), and HTML (.htm, .html) up to 5MB in size. Resumes from third party vendors will not be accepted; these resumes will be deleted and the candidates submitted will not be considered for employment.

If you have trouble applying for a position, please email ORNLRecruiting@ornl.gov.

ORNL is an equal opportunity employer. All qualified applicants, including individuals with disabilities and protected veterans, are encouraged to apply. UT-Battelle is an E-Verify employer.",2023-05-02T07:00:00.000Z,2023-06-02T04:00:00.000Z,Oak Ridge,TN,US,,"{'no_experience_required': False, 'required_experience_in_months': 24, 'experience_mentioned': True, 'experience_preferred': True}","{'postgraduate_degree': False, 'professional_certification': False, 'high_school': False, 'associates_degree': False, 'bachelors_degree': False, 'degree_mentioned': True, 'degree_preferred': True, 'professional_certification_mentioned': False}","{'Qualifications': ['To be successful in this role, you must be team-oriented, understand computer science fundamentals, and demonstrate a drive for self-learning', 'Bachelor’s degree in computer science or software engineering, with a minimum of 2 years work experience OR Master’s degree in computer science or software engineering, with a minimum of 1 year work experience'], 'Responsibilities': ['In this position, you will provide products and services for scientific data management at leadership-class scale', 'Data is at the heart of science and workflows reduce a scientist’s cognitive overhead and increase science reproducibility - the Data Lifecycle and Scalable Workflows Group tackles these challenges for supercomputing facilities', 'Assist in development of software applications and science-based systems to manage big data', 'Collaborate with other research and technical professionals to develop new capabilities that execute on ORNL’s leading data and compute infrastructures', 'Support multiple technology projects at the same time', 'Develop, test, and deploy services', 'Evaluate and test third-party software']}",
GyTclqptyBAAAAAAAAAAAA==,ClifyX,FULLTIME,RM- Application Developer- ServiceNow Developers,"https://www.ziprecruiter.com/c/ClifyX/Job/RM-Application-Developer-ServiceNow-Developers/-in-Saint-Louis,MO?jid=1511b4314d4dd3f8","HEALTH & P.S.
LEVEL 09

REMOTE: Yes
Resource does not need to be local

LOCATION: St. Louis, MO

EDUCATION: ServiceNow Certification

VISA: No Visa restriction but must have Valid work Visa for 6 months past the end date

Design, build and configure applications to meet business process and application requirements. ServiceNow development & Agile
Requirements gathering.

INDUSTRY EXPR: N/A
MUST HAVE: (2-8 years)
1. ITSM
2.ITMB
3. HRSD
4. 2-4 years ServiceNow experience in any of the domains above

EXTENSION: Yes
INTERVIEW: 1 round via Teams
Additional Job Details:1 - Build Management (P3 - Advanced) | 2 - Configuration & Release Management (P3 - Advanced) | 3 - Design & Build Enablement (P3 - Advanced)",2023-05-05T15:07:25.000Z,2023-06-05T00:00:00.000Z,St. Louis,MO,US,,"{'no_experience_required': False, 'required_experience_in_months': 24, 'experience_mentioned': True, 'experience_preferred': False}","{'postgraduate_degree': False, 'professional_certification': False, 'high_school': False, 'associates_degree': False, 'bachelors_degree': False, 'degree_mentioned': False, 'degree_preferred': False, 'professional_certification_mentioned': True}","{'Qualifications': ['VISA: No Visa restriction but must have Valid work Visa for 6 months past the end date', 'Design, build and configure applications to meet business process and application requirements', 'MUST HAVE: (2-8 years)', 'ITSM', 'HRSD', '2-4 years ServiceNow experience in any of the domains above']}",
sblL_BiHjv4AAAAAAAAAAA==,Fieldwire,FULLTIME,Senior Frontend Developer,https://wellfound.com/company/fieldwire/jobs/2666217-senior-frontend-developer,"Hilti Fieldwire, Inc.'s affiliate is hiring. This position is an opportunity to join the Hilti, Inc. team. The candidate selected for this position will be a Hilti, Inc. team member. If interested, please complete our application.

Who is Hilti?

Hilti is where innovation is improving productivity, safety and sustainability in the global construction industry, and beyond. Where strong customer relationships are creating solutions that build a better future. Where there is pride and a sense of belonging across our 120 locations, carrying right into our lives and homes. Where people are exploring possibilities, leveraging their potential, owning their personal development and growing lasting careers.

Job Responsibilities:
• Design efficient content models, security models, workflows and templates.
• Develop AEM templates and components leveraging current AEM software releases 6.4, 6.5,
• AEMaaCS.
• Design, develop and support AEM components, integrations and applications.
• Performance tune / identify configuration issues / implement technical best practices.
• Translate business requirements into Adobe AEM specific implementation specifications, document UX design, architecture and ensure project teams go through the architecture reviews successfully.
• Design and improve internal development methodologies.
• Resolving user-identified technical issues relating to Adobe AEM.
• Providing input into estimating efforts following Agile methodology.
• Define, document and communicate the project status and achieved milestones to the internal project team.
• Develop application structure in the best interests of the entire team
• Translate designs into easy-to-use and testable product implementations
• Actively participate in product feature and design discussions; help shape products
• Mentor junior level developers while working on self-development and growth
• Adjust approach as level of precision for each project dictates
• Work as part of the team, as a self-starter
• Influence others at all levels of the organization by using interpersonal skills
• Lead code review. Follow and enhance coding standards
• Responsible for automation of build process and deployment
• Additional duties as assigned

Preferred Experience:
• Bachelor’s Degree in Computer Science, Computer Engineering, or related field, required.
• Minimum 6 Years with Application Software development using javascript framework.
• 2+ years of CMS experience, preferably AEM
• Experience in Angular 8+
• Experience in JavaScript, TypeScript, HTML/CSS
• Knowledge of MVC frameworks such as Sling, Spring and Struts
• Experience building, deploying, and supporting Internet-facing applications
• Proven skill in secure coding practices.
• Problem solving, organizational, decision-making, written, oral and interpersonal skills.
• Understanding of technologies involved in deploying solutions based on the Adobe CQ framework.
• Experience in creating web service endpoints exposed as RESTful API.
• Expert in data transmission format such as JSON or XML, required; understand how to traverse elements in one of these formats.
• Expert in agile development methodologies.
• Expert in web technology build tools such as Grunt, Gulp, Webpack, JShint, JSlint, Uglify
• Excellent problem-solving, planning, and organizational skills.
• Prior experience leading and working with geographically distributed development teams.
• Exceptional organizational skills with strong attention to detail and follow-up.
• Excellent communication skills (verbal & written).

Location:

This position is based in Plano, TX.

Working Conditions:
• Normal office conditions
• Minimum 15% domestic and international travel, required

Why should you apply?

Success at Hilti is down to teamwork and ability, no matter what your background.

Hilti, Inc is committed to employing a diverse workforce. Qualified applicants will receive consideration without regard to race, color, religion, sex, national origin, age, sexual orientation, gender identity, gender expression, veteran status, or disability.

Fieldwire focuses on Mobile, SaaS, Enterprise Software, Project Management, and Collaboration. Their company has offices in San Francisco, Phoenix, and Paris. They have a mid-size team that's between 51-200 employees. To date, Fieldwire has raised $41.2M of funding; their latest round was closed on November 2021.

You can view their website at https://www.fieldwire.com or find them on Twitter, Facebook, and LinkedIn.",2023-05-04T19:15:27.000Z,2023-08-06T08:29:59.000Z,Plano,TX,US,,"{'no_experience_required': False, 'required_experience_in_months': 24, 'experience_mentioned': True, 'experience_preferred': False}","{'postgraduate_degree': False, 'professional_certification': False, 'high_school': False, 'associates_degree': False, 'bachelors_degree': False, 'degree_mentioned': True, 'degree_preferred': True, 'professional_certification_mentioned': False}","{'Qualifications': ['Minimum 15% domestic and international travel, required'], 'Responsibilities': ['Design efficient content models, security models, workflows and templates', 'Develop AEM templates and components leveraging current AEM software releases 6.4, 6.5,', 'AEMaaCS', 'Design, develop and support AEM components, integrations and applications', 'Performance tune / identify configuration issues / implement technical best practices', 'Translate business requirements into Adobe AEM specific implementation specifications, document UX design, architecture and ensure project teams go through the architecture reviews successfully', 'Design and improve internal development methodologies', 'Resolving user-identified technical issues relating to Adobe AEM', 'Providing input into estimating efforts following Agile methodology', 'Define, document and communicate the project status and achieved milestones to the internal project team', 'Develop application structure in the best interests of the entire team', 'Translate designs into easy-to-use and testable product implementations', 'Actively participate in product feature and design discussions; help shape products', 'Mentor junior level developers while working on self-development and growth', 'Adjust approach as level of precision for each project dictates', 'Work as part of the team, as a self-starter', 'Influence others at all levels of the organization by using interpersonal skills', 'Lead code review', 'Follow and enhance coding standards', 'Responsible for automation of build process and deployment', 'Additional duties as assigned']}",
kjCDutaXO0AAAAAAAAAAAA==,Dynetics,FULLTIME,Software Developer: Modeling and Simulation,https://www.salary.com/job/dynetics/software-developer-modeling-and-simulation/j202305042234354579964,"Job Description:

Are you a Software Developer looking for a great career engaged in technically challenging work on a strong team with great opportunity for growth and development? Dynetics, Inc. is the place for You.

Dynetics, a wholly owned subsidiary of Leidos, is seeking talented Software Developers to join a diverse team to create unique solutions for complex problems. With offices across the United States engaging in the defense, space, cyber and commercial fields, Dynetics provides responsive, cost-effective engineering, scientific and IT solutions.

You will work with other developers and analysts to develop and maintain a complex M&S environment and utilize it to analyze and evaluate various radar and weapon systems for DoD Government customers. You will work as part of a dynamic, integrated team onsite at Dynetics and at customer facilities.

Project assignments could be focused in one or more of the following areas:
• Develop and integrate C/C , Java, Python or Matlab simulations of radar and weapon systems
• Develop Matlab and Python tools to process and analyze “big data” sets of both simulated and tactical radar and weapon system data
• Develop and utilize tools to support radar and weapon system performance analysis in the following areas:
• Radar detection and measurement
• Radar uncertainty / covariance
• Tracking (state / covariance)
• Multi-sensor fusion tracking
• Weapon system and interceptor guidance
• Intercept prediction
• Seeker handover volume / errors
• Electronic attack / electronic protection
• Classification, discrimination, and identification
• Combat identification

Basic Qualifications
• Do you have a bachelor’s degree in Electrical Engineering, Computer Engineering, Software Engineering, Mathematics, Physics, Systems Engineering, or Computer Science with 1-2 years of applicable experience
• Can you demonstrate relevant skills in one or more of the focus areas, have good interpersonal skills, and have the desire to work in a highly focused technical team? APPLY
• Do you have a strong working knowledge of C , MATLAB, or Python?

If you’ve answered yes, APPLY!

Other Qualifications

Experience and demonstrated skill in any of the following is a plus:
• Master's degree in a related discipline
• Software development and architecture
• Interacting with multi-system software simulations
• Object-oriented C
• Past or current Secret security clearance

Security Requirements

Candidate must be a US Citizen and possess (and be able to maintain) a Final Secret Clearance or meet the eligibility to obtain (and maintain) a Secret Clearance.

Are you interested in this job? Please apply from Salary.com

Job ID: j202305042234354579964

Recommended Job Skills: Bug/Defect Analysis, Computer Simulation

Average Estimate Salary for a Software Developer: Modeling and Simulation: $84,077 to $104,139

This data is calculated using netizen feedback data. To get the most accurate number for your company jobs in your locations, use our subscription products: https://www.salary.com/companalyst/.",2023-05-06T00:00:00.000Z,2023-11-04T00:00:00.000Z,Huntsville,AL,US,,"{'no_experience_required': False, 'required_experience_in_months': 12, 'experience_mentioned': True, 'experience_preferred': True}","{'postgraduate_degree': False, 'professional_certification': False, 'high_school': False, 'associates_degree': False, 'bachelors_degree': False, 'degree_mentioned': True, 'degree_preferred': True, 'professional_certification_mentioned': False}","{'Qualifications': ['Do you have a bachelor’s degree in Electrical Engineering, Computer Engineering, Software Engineering, Mathematics, Physics, Systems Engineering, or Computer Science with 1-2 years of applicable experience', 'Can you demonstrate relevant skills in one or more of the focus areas, have good interpersonal skills, and have the desire to work in a highly focused technical team?', ""Master's degree in a related discipline"", 'Software development and architecture', 'Interacting with multi-system software simulations', 'Object-oriented C', 'Past or current Secret security clearance', 'Candidate must be a US Citizen and possess (and be able to maintain) a Final Secret Clearance or meet the eligibility to obtain (and maintain) a Secret Clearance'], 'Responsibilities': ['You will work with other developers and analysts to develop and maintain a complex M&S environment and utilize it to analyze and evaluate various radar and weapon systems for DoD Government customers', 'You will work as part of a dynamic, integrated team onsite at Dynetics and at customer facilities', 'Project assignments could be focused in one or more of the following areas:', 'Develop and integrate C/C , Java, Python or Matlab simulations of radar and weapon systems', 'Develop Matlab and Python tools to process and analyze “big data” sets of both simulated and tactical radar and weapon system data', 'Develop and utilize tools to support radar and weapon system performance analysis in the following areas:', 'Radar detection and measurement', 'Radar uncertainty / covariance', 'Tracking (state / covariance)', 'Multi-sensor fusion tracking', 'Weapon system and interceptor guidance', 'Intercept prediction', 'Seeker handover volume / errors', 'Electronic attack / electronic protection'], 'Benefits': ['Average Estimate Salary for a Software Developer: Modeling and Simulation: $84,077 to $104,139']}",
hXPihn5NJWMAAAAAAAAAAA==,Traeger Wood Pellet Grills,FULLTIME,iOS Developer,https://boards.greenhouse.io/traegergrills/jobs/4990304,"Welcome To The Traegerhood:

Our business is BBQ, and business tastes good. Traeger invented the wood pellet grill over 30 years ago, and we’ve been revolutionizing outdoor cooking ever since. We’re a team of disruptors, innovators, problem solvers, and food fanatics who are dedicated to bringing people together to create a more flavorful world. From our headquarters in Salt Lake City and beyond, we work tirelessly to provide a world-class experience to our customers, retailers, and especially our employees. If you’re a team player who’s dedicated to delivering top-quality results every day, then we want you to come cook with us!

What You'll Do:

As a Traeger iOS Developer you will collaborate with product managers, other developers and project managers to determine the requirements for proprietary mobile platforms. You will plan, design, develop and test iOS applications. This role collaborates with analysts, other developers and project managers to determine the requirements for custom mobile applications, the mobile program's appearance, the functions that the application must perform and the integration requirements. This individual designs and codes the app using knowledge of the mobile platform, cross-platform development tools and relevant software languages. You may also work on mobile security areas such as mobile data management required for the application. During these processes, modifications may be made until the application functions as planned. You will also provide support for released applications by fixing bugs and uploading upgraded versions. Requires expert knowledge of integrated development platforms such as iOS SDK.

How You Will Help Us Win:
• Maintain and improve the Traeger app
• Collaborate with other teams to build new features and support new products
• Keep the app updated with the latest iOS technologies
• Write unit tests for existing and new functionality

What You'll Need to Succeed:
• 2+ years of iOS app development experience in Swift
• Experience with iOS SDKs and technologies such as SwiftUI, Combine, and Swift Package Manager
• Understanding of MVVM architecture
• Experience with IoT technologies a plus
• Willingness to seek out new innovations and technologies to enhance customer experience

Why You Will Love To Work Here:
• Be part of the most disruptive force in outdoor cooking
• Join a true team working towards a common goal
• Culture of risk-taking, innovation & quality
• So.Much. Food.
• Have an outdoor lover’s paradise in your backyard
• Full medical/dental/vision packages to fit your needs
• 401K to help you plan for the future
• Tuition reimbursement
• Individual professional development programs & initiatives to help you grow professionally
• Great discounts on all things Traeger
• Did we mention all the food?",2023-05-03T00:00:00.000Z,,Salt Lake City,UT,US,,"{'no_experience_required': False, 'required_experience_in_months': 24, 'experience_mentioned': True, 'experience_preferred': True}","{'postgraduate_degree': False, 'professional_certification': False, 'high_school': False, 'associates_degree': False, 'bachelors_degree': False, 'degree_mentioned': False, 'degree_preferred': False, 'professional_certification_mentioned': False}","{'Qualifications': ['Requires expert knowledge of integrated development platforms such as iOS SDK', '2+ years of iOS app development experience in Swift', 'Experience with iOS SDKs and technologies such as SwiftUI, Combine, and Swift Package Manager', 'Understanding of MVVM architecture', 'Willingness to seek out new innovations and technologies to enhance customer experience'], 'Responsibilities': ['As a Traeger iOS Developer you will collaborate with product managers, other developers and project managers to determine the requirements for proprietary mobile platforms', 'You will plan, design, develop and test iOS applications', ""This role collaborates with analysts, other developers and project managers to determine the requirements for custom mobile applications, the mobile program's appearance, the functions that the application must perform and the integration requirements"", 'You will also provide support for released applications by fixing bugs and uploading upgraded versions', 'Maintain and improve the Traeger app', 'Collaborate with other teams to build new features and support new products', 'Keep the app updated with the latest iOS technologies', 'Write unit tests for existing and new functionality'], 'Benefits': ['Culture of risk-taking, innovation & quality', 'So.Much', 'Full medical/dental/vision packages to fit your needs', '401K to help you plan for the future', 'Tuition reimbursement', 'Individual professional development programs & initiatives to help you grow professionally', 'Great discounts on all things Traeger']}",
6asDQPPrE4AAAAAAAAAAAA==,VySystems,FULLTIME,Mobile Developer,https://www.linkedin.com/jobs/view/mobile-developer-at-vysystems-3597600639,"Skills required : Mobile IOS and Android skill set. Swift , SwiftUI, Kotlin, Java

Location is Plano, TX

only candidates located in Texas.

Hybrid model (2 days oniste 3 days remote )",2023-05-05T19:00:28.000Z,2023-11-01T19:00:29.000Z,Plano,TX,US,,"{'no_experience_required': False, 'required_experience_in_months': None, 'experience_mentioned': False, 'experience_preferred': False}","{'postgraduate_degree': False, 'professional_certification': False, 'high_school': False, 'associates_degree': False, 'bachelors_degree': True, 'degree_mentioned': False, 'degree_preferred': False, 'professional_certification_mentioned': False}","{'Qualifications': ['Skills required : Mobile IOS and Android skill set', 'Swift , SwiftUI, Kotlin, Java']}",
cjvrK5hgrWYAAAAAAAAAAA==,Pavlov Media,FULLTIME,Sr. Software Developer,https://pavlovmedia.com/job/sr-software-developer/,"A Senior Developer is a peer with other software developers that helps to establish coding patterns, architectural concepts, and project descriptions to be presented to the VP of Research & Development and enables execution by others on the team. This person would engage in various tasks in a scrum-based environment to deliver value to the company in software solutions

Primary Responsibilities:

Conducts general research on technical topics.

Works with peers to establish coding patterns.

Assists peers and the VP to create new or update existing architecture.

Rapidly builds prototypes to demonstrate proposed solutions.

Acts and a mentor to other developers on the team.

Contributes to the existing codebase.

Helps produce accurate schedules.

Education and Experience Requirements:

Bachelor’s Degree in Computer Science/Computer Engineering or relevant experience.

Minimum of 2 years of related product or sales experience required.

Expertise in Java 8+ including threading and streams

Physical Requirements:

Prolonged periods of sitting at a desk and working on a computer.

Must be able to lift up to 15 pounds at times.

Desired Skills:

Experience with two or more of: OSGi, JAX-RS, Docker, TCP/IP Networking.

Strong software architecture skills.

Ability to prioritize workload and respond quickly to time-sensitive requests.

Executes: Action oriented, efficient, sets clear goals, follows through, and focuses on results.

Ability to quickly prototype solutions.

Proven ability to prioritize work in a fast-paced environment.

Self-starter with the ability to work independently and identify solutions.

Excellent communication and relationship building skills with an ability to effectively communicate, prioritize, and work with a variety of internal and external stakeholders.

Proficiency in Microsoft Office (Word, Excel, Outlook) and Google Drive.

Strong attention-to-detail, organizational skills, time management skills, and proven ability to meet deadlines with thorough follow through.

Link to an online portfolio of work or professional references are recommended.
• Open as a full time or contract position.

Benefits include health care starting on day one, 401(k) savings plans, paid time off and more!",2023-05-03T18:18:01.000Z,2024-01-01T05:59:59.000Z,Champaign,IL,US,,"{'no_experience_required': False, 'required_experience_in_months': 24, 'experience_mentioned': True, 'experience_preferred': False}","{'postgraduate_degree': False, 'professional_certification': False, 'high_school': False, 'associates_degree': False, 'bachelors_degree': False, 'degree_mentioned': True, 'degree_preferred': True, 'professional_certification_mentioned': False}","{'Qualifications': ['Bachelor’s Degree in Computer Science/Computer Engineering or relevant experience', 'Minimum of 2 years of related product or sales experience required', 'Expertise in Java 8+ including threading and streams', 'Prolonged periods of sitting at a desk and working on a computer', 'Must be able to lift up to 15 pounds at times', 'Experience with two or more of: OSGi, JAX-RS, Docker, TCP/IP Networking', 'Strong software architecture skills', 'Ability to prioritize workload and respond quickly to time-sensitive requests', 'Ability to quickly prototype solutions', 'Proven ability to prioritize work in a fast-paced environment', 'Self-starter with the ability to work independently and identify solutions', 'Excellent communication and relationship building skills with an ability to effectively communicate, prioritize, and work with a variety of internal and external stakeholders', 'Proficiency in Microsoft Office (Word, Excel, Outlook) and Google Drive', 'Strong attention-to-detail, organizational skills, time management skills, and proven ability to meet deadlines with thorough follow through', 'Link to an online portfolio of work or professional references are recommended'], 'Responsibilities': ['A Senior Developer is a peer with other software developers that helps to establish coding patterns, architectural concepts, and project descriptions to be presented to the VP of Research & Development and enables execution by others on the team', 'This person would engage in various tasks in a scrum-based environment to deliver value to the company in software solutions', 'Conducts general research on technical topics', 'Assists peers and the VP to create new or update existing architecture', 'Rapidly builds prototypes to demonstrate proposed solutions', 'Acts and a mentor to other developers on the team', 'Contributes to the existing codebase', 'Helps produce accurate schedules'], 'Benefits': ['Benefits include health care starting on day one, 401(k) savings plans, paid time off and more!']}",
52lnj3lz3V8AAAAAAAAAAA==,"Lakeshore Learning Materials, LLC",FULLTIME,Associate Product Developer- Plastics,https://jobs.smartrecruiters.com/Lakeshore/743999905332193-associate-product-developer-plastics,"Company Description

At Lakeshore, we create innovative learning materials and world-class guest experiences for teachers, parents and children. Since 1954, we’ve grown into a global community—with a thriving e-commerce business, multiple catalogs, 60+ retail stores, a peerless national sales force, plus international offices that support our preeminent supply chain division. But today we’re working better, smarter and faster than ever—and setting our sights even higher. We’re building an infrastructure designed for scalability, embracing data-driven decision-making and using technology to improve efficiency and ensure the best tools for the best work. Most importantly, we continue to invest in a diverse team of inquisitive top talent who fuel each other’s passions and curiosity, take risks, try new things, and believe that every new day brings opportunities for growth.

Job Description

In a time of unprecedented expansion, we are seeking an Associate Product Developer-Plastics to join our RD&D New Product Development Plastics team. In this role, you will be responsible for the end-to-end ideation, development, and launch of educational furniture products. The ideal candidate should have strong communication skills, a solution-oriented mindset, and a keen attention to detail to drive quality products. The position also requires a solid understanding of cross-functional teamwork and proficiency in data analysis and customer perspective to drive decisions. And we’re here to help you succeed—in 2022 Lakeshore earned its Great Place to Work® Certification™ and is proud to put its associates first.

A day in the office looks like this:
• Analyzing market trends and sales data to inform the development of future products.
• Participating in new product ideation and presenting to peers and management.
• Providing clear direction and collaborating with cross-functional teams, including designers, engineers, and our Asia team, to ensure successful execution of products.
• Conducting market research and gathering customer insights to inform product development decisions.
• Ensuring that target price and product functionality expectations are met.
• Ensuring that all products meet the highest standards of quality and safety, with a focus on attention to detail.
• Taking action steps to move the product forward and meet deadlines.
• Utilizing effective communication skills to appropriately inform various levels of the organization and team members of project progress, and to report any concerns or project risks.

Qualifications

Got the skills and experience? Here’s what we’re looking for:
• Bachelor’s degree
• 1+ years’ experience in Product Development
• Experience working in education
• Strong MS Office and Excel skills
• Highly detail oriented, hardworking, and professional with excellent written and verbal communication skills
• Understanding of development process for physical items.
• Ability to analyze complex problems and provide solutions
• Strong organizational skills, a team mentality and outcome orientation
• Ability to thrive in an atmosphere with multiple overlapping deadlines
• Experience presenting projects to leadership
• Superb attention to detail and follow-through

Additional Information

And here’s our end of the bargain!
• Salary: $65,000-$80,000 with an annual bonus of up to 10%
• Excellent medical/dental and vision coverage—EPO, PPO and HSA
• 401(k) retirement plan with company contribution (because you will retire someday)
• Flexible benefits—choose what you like, ignore the rest
• On-site preschool for our employees’ children
• On-site employee gym for all levels/fitness needs
• Generous employee discount on products that make you smarter
• Casual dress…and we really mean it

At Lakeshore, we know our diversity makes us stronger, and when everyone feels included and valued, we all win. We strive to embrace our differences and create an intentionally diverse and inclusive community that is representative of the teachers, families and children we serve.

We know we couldn’t do the extraordinary things we’re doing without the people on our team. Thanks to the passion and enthusiasm of this spectacular group, Lakeshore is more than a great place to work—it’s a great experience to be part of. Day in and day out, we give everything we’ve got to create products that instill a sense of wonder and foster a true love of learning. To help maintain this high bar for success, we’re constantly on the lookout for people to join us. So if you’re a down-to-earth professional who shares our desire for making a difference, we’d love to hear from you.

To learn more about Lakeshore, visit www.lakeshorelearning.com/careers

Equal Employment Opportunity Policy

People are selected to become members of the Lakeshore family based on skill, merit and mind-boggling talent—not based on race, color, creed, sexual orientation, gender or gender identity, marital status, domestic partnership status, military status, religion, age, national origin, ancestry, alienage, AIDS or AIDS-related complex status, genetic information, predisposition or carrier status, status as a victim of domestic violence, physical or mental disability, or any other characteristic protected by applicable law. If things aren’t equal, we all lose.

To learn about how we collect and use Applicant information, please visit our Employee/Applicant Privacy Policy. INDRLL10",2023-05-05T23:11:56.000Z,,Carson,CA,US,,"{'no_experience_required': False, 'required_experience_in_months': 12, 'experience_mentioned': True, 'experience_preferred': False}","{'postgraduate_degree': False, 'professional_certification': False, 'high_school': False, 'associates_degree': False, 'bachelors_degree': False, 'degree_mentioned': True, 'degree_preferred': False, 'professional_certification_mentioned': True}","{'Qualifications': ['The ideal candidate should have strong communication skills, a solution-oriented mindset, and a keen attention to detail to drive quality products', 'The position also requires a solid understanding of cross-functional teamwork and proficiency in data analysis and customer perspective to drive decisions', 'Bachelor’s degree', '1+ years’ experience in Product Development', 'Experience working in education', 'Strong MS Office and Excel skills', 'Highly detail oriented, hardworking, and professional with excellent written and verbal communication skills', 'Understanding of development process for physical items', 'Ability to analyze complex problems and provide solutions', 'Strong organizational skills, a team mentality and outcome orientation', 'Ability to thrive in an atmosphere with multiple overlapping deadlines', 'Experience presenting projects to leadership', 'Superb attention to detail and follow-through'], 'Responsibilities': ['In this role, you will be responsible for the end-to-end ideation, development, and launch of educational furniture products', 'Analyzing market trends and sales data to inform the development of future products', 'Participating in new product ideation and presenting to peers and management', 'Providing clear direction and collaborating with cross-functional teams, including designers, engineers, and our Asia team, to ensure successful execution of products', 'Conducting market research and gathering customer insights to inform product development decisions', 'Ensuring that target price and product functionality expectations are met', 'Ensuring that all products meet the highest standards of quality and safety, with a focus on attention to detail', 'Taking action steps to move the product forward and meet deadlines', 'Utilizing effective communication skills to appropriately inform various levels of the organization and team members of project progress, and to report any concerns or project risks'], 'Benefits': ['Salary: $65,000-$80,000 with an annual bonus of up to 10%', 'Excellent medical/dental and vision coverage—EPO, PPO and HSA', '401(k) retirement plan with company contribution (because you will retire someday)', 'Flexible benefits—choose what you like, ignore the rest', 'On-site preschool for our employees’ children', 'On-site employee gym for all levels/fitness needs', 'Generous employee discount on products that make you smarter']}",
